﻿<?xml version="1.0" encoding="utf-8" ?>
<log4net xsi:noNamespaceSchemaLocation="../schema0.xsd" xmlns:xsi="http://www.w3.org/2001/XMLSchema-instance">

  <appender name="AdoNetAppender_SqlServer" type="log4net.Appender.AdoNetAppender">
    <connectionType value="System.Data.SqlClient.SqlConnection, System.Data" />
    <connectionString value="data source=SQLSVR;initial catalog=test_log4net;integrated security=false;persist security info=True;User ID=sa;Password=sa" />
    <commandText value="INSERT INTO Log ([Date],[Thread],[Level],[Logger],[Message]) VALUES (@log_date, @thread, @log_level, @logger, @message)" />
    <parameter>
      <parameterName value="@log_date" />
      <dbType value="DateTime" />
      <layout type="log4net.Layout.PatternLayout" value="%date{yyyy'-'MM'-'dd HH':'mm':'ss'.'fff}" />
    </parameter>
    <parameter>
      <parameterName value="@thread" />
      <dbType value="String" />
      <size value="255" />
      <layout type="log4net.Layout.PatternLayout" value="%thread" />
    </parameter>
    <parameter>
      <parameterName value="@log_level" />
      <dbType value="String" />
      <size value="50" />
      <layout type="log4net.Layout.PatternLayout" value="%level" />
    </parameter>
    <parameter>
      <parameterName value="@logger" />
      <dbType value="String" />
      <size value="255" />
      <layout type="log4net.Layout.PatternLayout" value="%logger" />
    </parameter>
    <parameter>
      <parameterName value="@message" />
      <dbType value="String" />
      <size value="4000" />
      <layout type="log4net.Layout.PatternLayout" value="%message" />
    </parameter>
  </appender>
  <appender name="NetSendAppender_Operator" type="log4net.Appender.NetSendAppender">
    <server value="LOCAL_PC" />
    <recipient value="OPERATOR_PC" />
    <layout type="log4net.Layout.PatternLayout" value="%-5p %c [%x] - %m%n" />
  </appender>
  <appender name="124" type="log4net.Appender.AspNetTraceAppender">
    <layout type="log4net.Layout.PatternLayout">
      <header value="[Header]&#13;&#10;" />
      <footer value="[Footer]&#13;&#10;" />
      <conversionPattern value="%date [%thread] %-5level %logger - %message%newline" />
    </layout>
  </appender>

  <appender name="LogFileAppender" type="log4net.Appender.FileAppender">
    <file type="log4net.Util.PatternString" value="log-file-[%processid].txt" />
    <layout type="log4net.Layout.PatternLayout" value="%date [%thread] %-5level %logger - %message%newline" />
  </appender>
  
</log4net>