﻿<?xml version="1.0" encoding="utf-8" ?>
<log4net xsi:noNamespaceSchemaLocation="../schema0.xsd" xmlns:xsi="http://www.w3.org/2001/XMLSchema-instance">
  <appender name="RollingFileAppender" type="log4net.Appender.RollingFileAppender">
    <file value="log.txt" />
    <appendToFile value="true" />
    <rollingStyle value="Size" />
    <maxSizeRollBackups value="10" />
    <maximumFileSize value="100KB" />
    <staticLogFileName value="true" />
    <layout type="log4net.Layout.PatternLayout">
      <conversionPattern value="%date [%thread] %-5level %logger [%property{NDC}] - %message%newline" />
    </layout>
  </appender>

  <appender name="RollingLogFileAppender" type="log4net.Appender.RollingFileAppender">
    <file value="logfile" />
    <appendToFile value="true" />
    <rollingStyle value="Date" />
    <datePattern value="yyyyMMdd-HHmm" />
    <layout type="log4net.Layout.PatternLayout">
      <conversionPattern value="%date [%thread] %-5level %logger [%property{NDC}] - %message%newline" />
    </layout>
  </appender>

  <appender name="RollingLogFileAppender" type="log4net.Appender.RollingFileAppender">
    <file value="logfile" />
    <appendToFile value="true" />
    <rollingStyle value="Composite" />
    <datePattern value="yyyyMMdd" />
    <maxSizeRollBackups value="10" />
    <maximumFileSize value="1MB" />
    <layout type="log4net.Layout.PatternLayout">
      <conversionPattern value="%date [%thread] %-5level %logger [%property{NDC}] - %message%newline" />
    </layout>
  </appender>

  <appender name="RollingLogFileAppender" type="log4net.Appender.RollingFileAppender">
    <file value="logfile.txt" />
    <appendToFile value="false" />
    <rollingStyle value="Size" />
    <maxSizeRollBackups value="-1" />
    <maximumFileSize value="50GB" />
    <layout type="log4net.Layout.PatternLayout">
      <conversionPattern value="%date [%thread] %-5level %logger [%property{NDC}] - %message%newline" />
    </layout>
  </appender>

  <appender name="FileAppender" type="log4net.Appender.FileAppender">
    <file value="log-file.txt" />
    <appendToFile value="true" />
    <layout type="log4net.Layout.PatternLayout">
      <conversionPattern value="%date [%thread] %-5level %logger [%property{NDC}] - %message%newline" />
    </layout>
  </appender>

  <appender name="FileAppender" type="log4net.Appender.FileAppender">
    <file value="${TMP}\log-file.txt" />
    <appendToFile value="true" />
    <encoding value="unicodeFFFE" />
    <layout type="log4net.Layout.PatternLayout">
      <conversionPattern value="%date [%thread] %-5level %logger [%property{NDC}] - %message%newline" />
    </layout>
  </appender>

  <appender name="FileAppender" type="log4net.Appender.FileAppender">
    <file value="${TMP}\log-file.txt" />
    <appendToFile value="true" />
    <lockingModel type="log4net.Appender.FileAppender+MinimalLock" />
    <layout type="log4net.Layout.PatternLayout">
      <conversionPattern value="%date [%thread] %-5level %logger [%property{NDC}] - %message%newline" />
    </layout>
  </appender>

</log4net>