﻿<?xml version="1.0" encoding="utf-8" ?>
<log4net xsi:noNamespaceSchemaLocation="../schema0.xsd" xmlns:xsi="http://www.w3.org/2001/XMLSchema-instance">
  <appender name="AdoNetAppender" type="log4net.Appender.AdoNetAppender">
    <bufferSize value="100" />
    <connectionType value="System.Data.SqlClient.SqlConnection, System.Data" />
    <connectionString value="data source=[database server];initial catalog=[database name];integrated security=false;persist security info=True;User ID=[user];Password=[password]" />
    <commandText value="INSERT INTO Log ([Date],[Thread],[Level],[Logger],[Message],[Exception]) VALUES (@log_date, @thread, @log_level, @logger, @message, @exception)" />
    <parameter>
      <parameterName value="@log_date" />
      <dbType value="DateTime" />
      <layout type="log4net.Layout.RawTimeStampLayout" />
    </parameter>
    <parameter>
      <parameterName value="@thread" />
      <dbType value="String" />
      <size value="255" />
      <layout type="log4net.Layout.PatternLayout">
        <conversionPattern value="%thread" />
      </layout>
    </parameter>
    <parameter>
      <parameterName value="@log_level" />
      <dbType value="String" />
      <size value="50" />
      <layout type="log4net.Layout.PatternLayout">
        <conversionPattern value="%level" />
      </layout>
    </parameter>
    <parameter>
      <parameterName value="@logger" />
      <dbType value="String" />
      <size value="255" />
      <layout type="log4net.Layout.PatternLayout">
        <conversionPattern value="%logger" />
      </layout>
    </parameter>
    <parameter>
      <parameterName value="@message" />
      <dbType value="String" />
      <size value="4000" />
      <layout type="log4net.Layout.PatternLayout">
        <conversionPattern value="%message" />
      </layout>
    </parameter>
    <parameter>
      <parameterName value="@exception" />
      <dbType value="String" />
      <size value="2000" />
      <layout type="log4net.Layout.ExceptionLayout" />
    </parameter>
  </appender>
  <appender name="AdoNetAppender_Access" type="log4net.Appender.AdoNetAppender">
    <connectionString value="Provider=Microsoft.Jet.OLEDB.4.0;Data Source=C:\log\access.mdb;User Id=;Password=;" />
    <commandText value="INSERT INTO Log ([Date],[Thread],[Level],[Logger],[Message]) VALUES (@log_date, @thread, @log_level, @logger, @message)" />
    <parameter>
      <parameterName value="@log_date" />
      <dbType value="String" />
      <size value="255" />
      <layout type="log4net.Layout.PatternLayout">
        <conversionPattern value="%date" />
      </layout>
    </parameter>
    <parameter>
      <parameterName value="@thread" />
      <dbType value="String" />
      <size value="255" />
      <layout type="log4net.Layout.PatternLayout">
        <conversionPattern value="%thread" />
      </layout>
    </parameter>
    <parameter>
      <parameterName value="@log_level" />
      <dbType value="String" />
      <size value="50" />
      <layout type="log4net.Layout.PatternLayout">
        <conversionPattern value="%level" />
      </layout>
    </parameter>
    <parameter>
      <parameterName value="@logger" />
      <dbType value="String" />
      <size value="255" />
      <layout type="log4net.Layout.PatternLayout">
        <conversionPattern value="%logger" />
      </layout>
    </parameter>
    <parameter>
      <parameterName value="@message" />
      <dbType value="String" />
      <size value="1024" />
      <layout type="log4net.Layout.PatternLayout">
        <conversionPattern value="%message" />
      </layout>
    </parameter>
  </appender>
  <appender name="AdoNetAppender_Oracle" type="log4net.Appender.AdoNetAppender">
    <connectionType value="System.Data.OracleClient.OracleConnection, System.Data.OracleClient" />
    <connectionString value="data source=[mydatabase];User ID=[user];Password=[password]" />
    <commandText value="INSERT INTO Log (Datetime,Thread,Log_Level,Logger,Message) VALUES (:log_date, :thread, :log_level, :logger, :message)" />
    <bufferSize value="128" />
    <parameter>
      <parameterName value=":log_date" />
      <dbType value="DateTime" />
      <layout type="log4net.Layout.RawTimeStampLayout" />
    </parameter>
    <parameter>
      <parameterName value=":thread" />
      <dbType value="String" />
      <size value="255" />
      <layout type="log4net.Layout.PatternLayout">
        <conversionPattern value="%thread" />
      </layout>
    </parameter>
    <parameter>
      <parameterName value=":log_level" />
      <dbType value="String" />
      <size value="50" />
      <layout type="log4net.Layout.PatternLayout">
        <conversionPattern value="%level" />
      </layout>
    </parameter>
    <parameter>
      <parameterName value=":logger" />
      <dbType value="String" />
      <size value="255" />
      <layout type="log4net.Layout.PatternLayout">
        <conversionPattern value="%logger" />
      </layout>
    </parameter>
    <parameter>
      <parameterName value=":message" />
      <dbType value="String" />
      <size value="4000" />
      <layout type="log4net.Layout.PatternLayout">
        <conversionPattern value="%message" />
      </layout>
    </parameter>
  </appender>
  <appender name="AdoNetAppender_Oracle" type="log4net.Appender.AdoNetAppender">
    <connectionType value ="System.Data.OracleClient.OracleConnection, System.Data.OracleClient" />
    <connectionString value="data source=[dsname];User ID=[userid];Password=[password]" />
    <commandText value="INSERT INTO Log (Log_Level,Logger,Message) VALUES (:log_level, :logger, :message)" />
    <bufferSize value="250" />
    <parameter>
      <parameterName value=":log_level" />
      <layout type="log4net.Layout.PatternLayout">
        <conversionPattern value="%level" />
      </layout>
    </parameter>
    <parameter>
      <parameterName value=":logger" />
      <layout type="log4net.Layout.PatternLayout">
        <conversionPattern value="%logger" />
      </layout>
    </parameter>
    <parameter>
      <parameterName value=":message" />
      <dbType value="String" />
      <layout type="log4net.Layout.PatternLayout">
        <conversionPattern value="%message" />
      </layout>
    </parameter>
  </appender>
  <appender name="AdoNetAppender" type="log4net.Appender.AdoNetAppender">
    <bufferSize value="100" />
    <param name="ConnectionType" value="IBM.Data.DB2.DB2Connection,IBM.Data.DB2, Version=8.1.2.1" />
    <connectionString value="server=192.168.0.0;database=dbuser;user Id=username;password=password;persist security info=true" />
    <commandText value="INSERT INTO myschema.Log (Date,Thread,Level,Logger,Message,Exception) VALUES (@log_date,@thread,@log_level,@logger,@message,@exception)" />
    <parameter>
      <parameterName value="@log_date" />
      <dbType value="DateTime" />
      <layout type="log4net.Layout.RawTimeStampLayout" />
    </parameter>
    <parameter>
      <parameterName value="@thread" />
      <dbType value="String" />
      <size value="255" />
      <layout type="log4net.Layout.PatternLayout">
        <conversionPattern value="%thread" />
      </layout>
    </parameter>
    <parameter>
      <parameterName value="@log_level" />
      <dbType value="String" />
      <size value="500" />
      <layout type="log4net.Layout.PatternLayout">
        <conversionPattern value="%level" />
      </layout>
    </parameter>
    <parameter>
      <parameterName value="@logger" />
      <dbType value="String" />
      <size value="255" />
      <layout type="log4net.Layout.PatternLayout">
        <conversionPattern value="%logger" />
      </layout>
    </parameter>
    <parameter>
      <parameterName value="@message" />
      <dbType value="String" />
      <size value="4000" />
      <layout type="log4net.Layout.PatternLayout">
        <conversionPattern value="%message" />
      </layout>
    </parameter>
    <parameter>
      <parameterName value="@exception" />
      <dbType value="String" />
      <size value="2000" />
      <layout type="log4net.Layout.ExceptionLayout" />
    </parameter>
  </appender>
  <appender name="AdoNetAppender" type="log4net.Appender.AdoNetAppender">
    <bufferSize value="100" />
    <param name="ConnectionType" value="Finisar.SQLite.SQLiteConnection, SQLite.NET, Version=0.21.1869.3794, Culture=neutral, PublicKeyToken=c273bd375e695f9c" />
    <connectionString value="Data Source=c:\\inetpub\\wwwroot\\logs\\log4net.db;Version=3;" />
    <commandText value="INSERT INTO Log (Date, Level, Logger, Message) VALUES (@Date, @Level, @Logger, @Message)" />
    <parameter>
      <parameterName value="@Date" />
      <dbType value="DateTime" />
      <layout type="log4net.Layout.RawTimeStampLayout" />
    </parameter>
    <parameter>
      <parameterName value="@Level" />
      <dbType value="String" />
      <layout type="log4net.Layout.PatternLayout">
        <conversionPattern value="%level" />
      </layout>
    </parameter>
    <parameter>
      <parameterName value="@Logger" />
      <dbType value="String" />
      <layout type="log4net.Layout.PatternLayout">
        <conversionPattern value="%logger" />
      </layout>
    </parameter>
    <parameter>
      <parameterName value="@Message" />
      <dbType value="String" />
      <layout type="log4net.Layout.PatternLayout">
        <conversionPattern value="%message" />
      </layout>
    </parameter>
  </appender>
</log4net>
